bundle_id,policy_path,policy_effective_sha256,entry_config_sha256,exit_config_sha256,router_model_sha256,feature_manifest_sha256,entry_model_metadata,guardrail_cutoff,router_version,price_source_contract,role,source,snapshot_name,score,policy_name,run_tag
b692c56822495c76,gx1/configs/policies/prod_snapshot/2025_FARM_V2B_HYBRID_V3_RANGE/GX1_V11_OANDA_DEMO_V9_FARM_V2B_EXIT_HYBRID_V3_RANGE_PROD.yaml,a560cfcd668325e30adbe594ef7af029d5153702c872f71bae73f036087f3cb5,,,,,{},1.0,HYBRID_ROUTER_V3,"{'entry_features': 'inferred_bid_ask_mid', 'range_features': 'inferred_bid_ask_mid', 'spread': 'bid_ask'}",PROD_BASELINE,prod_snapshot,2025_FARM_V2B_HYBRID_V3_RANGE,150,,
6d152423d78f4dd3,gx1/configs/policies/active/GX1_V11_OANDA_DEMO_V9_FARM_V2B_EXIT_A_PROD.yaml,ae74d436dff55948587f2254a2eda7eb1231d5fdb7af23d82c9c9bb51fd7fdb0,,,,,{},,,"{'entry_features': 'inferred_bid_ask_mid', 'range_features': 'inferred_bid_ask_mid', 'spread': 'bid_ask'}",,active,,0,GX1_V11_OANDA_DEMO_V9_FARM_V2B_EXIT_A_PROD,
ac27cf050462e4cc,gx1/configs/policies/active/GX1_V11_OANDA_DEMO_V9_FARM_V2B_EXIT_A_Q4_RULE5.yaml,1cf6e049e3a50db0281256778cea5b038ca21e0d993e63418fca3ea1bf1c9846,,,,,{},,,"{'entry_features': 'inferred_bid_ask_mid', 'range_features': 'inferred_bid_ask_mid', 'spread': 'bid_ask'}",,active,,0,GX1_V11_OANDA_DEMO_V9_FARM_V2B_EXIT_A_Q4_RULE5,
21a5f966b3780d99,gx1/configs/policies/active/GX1_V11_OANDA_DEMO_V9_FARM_V2B_EXIT_HYBRID_Q4.yaml,45288834fd11c685eb85b1e8dd47faa45c4b2932e47d76efd577fdb2c497beeb,,,,,{},,,"{'entry_features': 'inferred_bid_ask_mid', 'range_features': 'inferred_bid_ask_mid', 'spread': 'bid_ask'}",,active,,0,GX1_V11_OANDA_DEMO_V9_FARM_V2B_EXIT_HYBRID_Q4,
3c59433e5356aec0,gx1/configs/policies/active/GX1_V11_OANDA_DEMO_V9_FARM_V2B_EXIT_A_Q2_RULE6.yaml,002d2ccb3c4a7a188f56cf951ee939d916ad624fd5bfcbb4dcb55908acde5bbb,,,,,{},,,"{'entry_features': 'inferred_bid_ask_mid', 'range_features': 'inferred_bid_ask_mid', 'spread': 'bid_ask'}",,active,,0,GX1_V11_OANDA_DEMO_V9_FARM_V2B_EXIT_A_Q2_RULE6,
907f21a5f7b8a3b5,gx1/configs/policies/active/GX1_V11_OANDA_DEMO_V9_FARM_V2B_EXIT_A_PHASEC2_trail3.yaml,97d9a5eba9fe467e6e29a8ab6364e7dac4c39d1efd7e511cbacc9175d5146065,,,,,{},,,"{'entry_features': 'inferred_bid_ask_mid', 'range_features': 'inferred_bid_ask_mid', 'spread': 'bid_ask'}",,active,,0,GX1_V11_OANDA_DEMO_V9_FARM_V2B_EXIT_A_PHASEC2_trail3,
6aac21a752945034,gx1/configs/policies/active/GX1_V11_OANDA_DEMO_V9_FARM_V2B_EXIT_A_PROD_PHASEC_VARIANT_A.yaml,210ba19172fbbde47660908633b49bcaad04339139c7341febbbe63186443d79,,,,,{},,,"{'entry_features': 'inferred_bid_ask_mid', 'range_features': 'inferred_bid_ask_mid', 'spread': 'bid_ask'}",,active,,0,GX1_V11_OANDA_DEMO_V9_FARM_V2B_EXIT_A_PROD_PHASEC_VARIANT_A,
d0b480e115e592b5,gx1/configs/policies/active/GX1_V11_OANDA_DEMO_V9_FARM_V2B_EXIT_A_PROD_Q1.yaml,38f8c8323c58cf8bab319f6e67049d97bb1c8c016acb8f7f4bc263002e4005d6,,,,,{},,,"{'entry_features': 'inferred_bid_ask_mid', 'range_features': 'inferred_bid_ask_mid', 'spread': 'bid_ask'}",,active,,0,GX1_V11_OANDA_DEMO_V9_FARM_V2B_EXIT_A_PROD_Q1,
408e8b5d3142db04,gx1/configs/policies/active/ENTRY_V9_FARM_V2B_EXIT_A_PROD_PHASEC_VARIANT_B.yaml,3b3cbd4fcd80631f3a0c34372d8dfe7867ded974baa4222d5baf784b4fc203a3,,,,,{},,,"{'entry_features': 'inferred_bid_ask_mid', 'range_features': 'inferred_bid_ask_mid', 'spread': 'bid_ask'}",,active,,0,ENTRY_V9_FARM_V2B_EXIT_A_PROD_PHASEC_VARIANT_B,
cfffe80d18a7bc36,gx1/configs/policies/active/GX1_V11_OANDA_DEMO_V9_FARM_V2B_EXIT_A_SHORT_SNIPER_Q1.yaml,a53cb151f5a8bb7d87c8dc14a972d5444d9d86877d87f49b8b5e0fa66a70178c,,,,,{},,,"{'entry_features': 'inferred_bid_ask_mid', 'range_features': 'inferred_bid_ask_mid', 'spread': 'bid_ask'}",,active,,0,GX1_V11_OANDA_DEMO_V9_FARM_V2B_EXIT_A_SHORT_SNIPER_Q1,
1ec7b987d4ec035b,gx1/configs/policies/active/ENTRY_V9_FARM_V2B_EXIT_A_SHORT_SNIPER_Q4_v2.yaml,d571d513816e55745259ba95310013190ea8564c6b2f69944bfb3ca6df7413ca,,,,,{},,,"{'entry_features': 'inferred_bid_ask_mid', 'range_features': 'inferred_bid_ask_mid', 'spread': 'bid_ask'}",,active,,0,ENTRY_V9_FARM_V2B_EXIT_A_SHORT_SNIPER_Q4_v2,
c6b9862957a38032,gx1/configs/policies/active/GX1_V11_OANDA_DEMO_V9_FARM_V2B_EXIT_HYBRID_V3_FULLYEAR.yaml,6deb6cb4e744683c3cf981f5243e64f6570ce394eb3c7d29423da48a17191f31,,,,,{},1.0,HYBRID_ROUTER_V3,"{'entry_features': 'inferred_bid_ask_mid', 'range_features': 'inferred_bid_ask_mid', 'spread': 'bid_ask'}",PROD_BASELINE,active,,100,GX1_V11_OANDA_DEMO_V9_FARM_V2B_EXIT_HYBRID_V3_FULLYEAR,
e951361e5d1dd8cf,gx1/configs/policies/active/ENTRY_V9_FARM_V2B_mp70_max5_rule4_cd0.yaml,c41ecf328c5fe673e50bbb51f3167eb4b1b8c3df4c623035cf8c630cce76b7b4,,,,,{},,,"{'entry_features': 'inferred_bid_ask_mid', 'range_features': 'inferred_bid_ask_mid', 'spread': 'bid_ask'}",,active,,0,ENTRY_V9_FARM_V2B_mp70_max5_rule4_cd0,
89f53af1ca7b4311,gx1/configs/policies/active/ENTRY_V9_FARM_V2B_mp68_max5_rule5_cd0.yaml,85ef228857274e003496ab863974901e3d726deb068495ab918f53673d20f54e,,,,,{},,,"{'entry_features': 'inferred_bid_ask_mid', 'range_features': 'inferred_bid_ask_mid', 'spread': 'bid_ask'}",,active,,0,ENTRY_V9_FARM_V2B_mp68_max5_rule5_cd0,
622bff4d723123c5,gx1/configs/policies/active/GX1_V11_OANDA_DEMO_V9_FARM_V2B_EXIT_A_SHORT_SNIPER_Q4_v2.yaml,8286c81d72f0469190140edb72024d6340f4a8d2de09db6c5fb508061e16b078,,,,,{},,,"{'entry_features': 'inferred_bid_ask_mid', 'range_features': 'inferred_bid_ask_mid', 'spread': 'bid_ask'}",,active,,0,GX1_V11_OANDA_DEMO_V9_FARM_V2B_EXIT_A_SHORT_SNIPER_Q4_v2,
8eec26e30cd86255,gx1/configs/policies/active/GX1_V11_OANDA_DEMO_V9_FARM_V2B_EXIT_HYBRID_V3_2024_BASELINE.yaml,56d38bfcb0533da84dbba48b5dbac4c2ecc42b34f8a11a487ea33dc2d2b995c9,,,,,{},,HYBRID_ROUTER_V3,"{'entry_features': 'inferred_bid_ask_mid', 'range_features': 'inferred_bid_ask_mid', 'spread': 'bid_ask'}",BASELINE_2024,active,,0,GX1_V11_OANDA_DEMO_V9_FARM_V2B_EXIT_HYBRID_V3_2024_BASELINE,
7347e812d9cb419b,gx1/configs/policies/active/GX1_V11_OANDA_DEMO_V9_FARM_V2B_EXIT_A_ADAPTIVE_Q1.yaml,59aaceeb8dadc18a04ca09e79af6f110d83d6c61f46942cf372bcc2747080082,,,,,{},,,"{'entry_features': 'inferred_bid_ask_mid', 'range_features': 'inferred_bid_ask_mid', 'spread': 'bid_ask'}",,active,,0,GX1_V11_OANDA_DEMO_V9_FARM_V2B_EXIT_A_ADAPTIVE_Q1,
3f58cc5fab032530,gx1/configs/policies/active/ENTRY_V9_FARM_V2B.yaml,ea3f82d1d8e1b980a6e2c4b00f148219f1bec7b38e171154be1d7db214270824,,,,,{},,,"{'entry_features': 'inferred_bid_ask_mid', 'range_features': 'inferred_bid_ask_mid', 'spread': 'bid_ask'}",,active,,0,ENTRY_V9_FARM_V2B,
915a1f117a0d9d20,gx1/configs/policies/active/GX1_V11_OANDA_DEMO_V9_FARM_V2B_EXIT_HYBRID_Q2.yaml,d35db9d9fbb9c5464566a285fc6863a84269214befcdeeaba1cbefad94c52b3b,,,,,{},,,"{'entry_features': 'inferred_bid_ask_mid', 'range_features': 'inferred_bid_ask_mid', 'spread': 'bid_ask'}",,active,,0,GX1_V11_OANDA_DEMO_V9_FARM_V2B_EXIT_HYBRID_Q2,
4f178852af8a72b7,gx1/configs/policies/active/GX1_V11_OANDA_DEMO_V9_FARM_V2B_EXIT_A_FULL.yaml,a34df64f5a243e0637b6864b9be095b6a3f84a7ee5527f894d0640e2aaedf647,,,,,{},,,"{'entry_features': 'inferred_bid_ask_mid', 'range_features': 'inferred_bid_ask_mid', 'spread': 'bid_ask'}",,active,,0,GX1_V11_OANDA_DEMO_V9_FARM_V2B_EXIT_A_FULL,
74aeb6e631fa0c5d,gx1/configs/policies/active/ENTRY_V9_FARM_V2B_EXIT_A_SHORT_SNIPER_Q1.yaml,94387f97b91e075d3fd6cd8ee38e38463c29aefcba9f0318e5a32c11e75da692,,,,,{},,,"{'entry_features': 'inferred_bid_ask_mid', 'range_features': 'inferred_bid_ask_mid', 'spread': 'bid_ask'}",,active,,0,ENTRY_V9_FARM_V2B_EXIT_A_SHORT_SNIPER_Q1,
4ab625f7656a2620,gx1/configs/policies/active/GX1_V11_OANDA_DEMO_V9_FARM_V2B_EXIT_HYBRID_Q3.yaml,a9d71ab515a50717eb4f6766d9145d9657d838736209c244b5722072702a7052,,,,,{},,,"{'entry_features': 'inferred_bid_ask_mid', 'range_features': 'inferred_bid_ask_mid', 'spread': 'bid_ask'}",,active,,0,GX1_V11_OANDA_DEMO_V9_FARM_V2B_EXIT_HYBRID_Q3,
6413dacdbf7c2077,gx1/configs/policies/active/GX1_V11_OANDA_DEMO_V9_FARM_V2B_EXIT_A_Q1.yaml,d387e5dadbd4d3ebe422ea37060b76058c81d30cec3bc6128d9582428e4fe2e4,,,,,{},,,"{'entry_features': 'inferred_bid_ask_mid', 'range_features': 'inferred_bid_ask_mid', 'spread': 'bid_ask'}",,active,,0,GX1_V11_OANDA_DEMO_V9_FARM_V2B_EXIT_A_Q1,
37bfe190b0a4ff7b,gx1/configs/policies/active/GX1_V11_OANDA_DEMO_V9_FARM_V2B_EXIT_HYBRID_FULLYEAR.yaml,20e999746ae233bb4063cb6a853c50c49e63acf6a39328e4864348bbf44af980,,,,,{},,HYBRID_ROUTER_V1,"{'entry_features': 'inferred_bid_ask_mid', 'range_features': 'inferred_bid_ask_mid', 'spread': 'bid_ask'}",,active,,0,GX1_V11_OANDA_DEMO_V9_FARM_V2B_EXIT_HYBRID_FULLYEAR,
93aa419231953d6a,gx1/configs/policies/active/GX1_V11_OANDA_DEMO_V9_FARM_V2B_EXIT_DIAG.yaml,c12f271b93e3165914255128d457f172bc85996edc5e4ad46ef7e859dba9362e,,,,,{},,,"{'entry_features': 'inferred_bid_ask_mid', 'range_features': 'inferred_bid_ask_mid', 'spread': 'bid_ask'}",,active,,0,GX1_V11_OANDA_DEMO_V9_FARM_V2B_EXIT_DIAG,
0dbc66c12a645809,gx1/configs/policies/active/GX1_V11_OANDA_DEMO_V9_FARM_V2B_EXIT_HYBRID_FULLYEAR_V2B.yaml,0c58ce1aec0f9f4fefbfa3390caf9053f3af44384089010cc2a7863fc220caec,,,,,{},,HYBRID_ROUTER_V2B,"{'entry_features': 'inferred_bid_ask_mid', 'range_features': 'inferred_bid_ask_mid', 'spread': 'bid_ask'}",ARCHIVED_SAFE_MODE,active,,0,GX1_V11_OANDA_DEMO_V9_FARM_V2B_EXIT_HYBRID_FULLYEAR_V2B,
3fabe36eb5e80c51,gx1/configs/policies/active/GX1_V11_OANDA_DEMO_V9_FARM_V2B_EXIT_A_Q3_RULE5.yaml,ec7396b2f2f1fb55d3e3dd608df6848bedbd910098f6ae1a0a364fdc2f74e227,,,,,{},,,"{'entry_features': 'inferred_bid_ask_mid', 'range_features': 'inferred_bid_ask_mid', 'spread': 'bid_ask'}",,active,,0,GX1_V11_OANDA_DEMO_V9_FARM_V2B_EXIT_A_Q3_RULE5,
a7703019f68140e7,gx1/configs/policies/active/GX1_V11_OANDA_DEMO_V9_FARM_V2B_RANDOM_EXIT.yaml,098354fc9cb622b30870249e30184b5ad9729cbc8bd00ccdf70dabd84605f793,,,,,{},,,"{'entry_features': 'inferred_bid_ask_mid', 'range_features': 'inferred_bid_ask_mid', 'spread': 'bid_ask'}",,active,,0,GX1_V11_OANDA_DEMO_V9_FARM_V2B_RANDOM_EXIT,
7ace1397a8e3a906,gx1/configs/policies/active/EXIT_A_SWEEP_mp68_max4_rule4_cd0.yaml,30afa2b969ac5358ba5da364321eb65398d4f1c04c6102b55174efba15e58aea,,,,,{},,,"{'entry_features': 'inferred_bid_ask_mid', 'range_features': 'inferred_bid_ask_mid', 'spread': 'bid_ask'}",,active,,0,EXIT_A_SWEEP_mp68_max4_rule4_cd0,
0d74244b7a3661f5,gx1/configs/policies/active/GX1_V11_OANDA_DEMO_V9_FARM_V2B_EXIT_A_PHASEC2_rule6.yaml,c5e7404760e87ea1f176d77a47486e747c10cde83b19d4ff07b3fa826d775685,,,,,{},,,"{'entry_features': 'inferred_bid_ask_mid', 'range_features': 'inferred_bid_ask_mid', 'spread': 'bid_ask'}",,active,,0,GX1_V11_OANDA_DEMO_V9_FARM_V2B_EXIT_A_PHASEC2_rule6,
4dd972e7999e6d0c,gx1/configs/policies/active/GX1_V11_OANDA_DEMO_V9_FARM_V2B_EXIT_A_ADAPTIVE_Q3.yaml,7398ef109f6bf408d541ace7548039c03ededb39ae4c7e37453122776284b9eb,,,,,{},,,"{'entry_features': 'inferred_bid_ask_mid', 'range_features': 'inferred_bid_ask_mid', 'spread': 'bid_ask'}",,active,,0,GX1_V11_OANDA_DEMO_V9_FARM_V2B_EXIT_A_ADAPTIVE_Q3,
b3d33e60e5c6c12f,gx1/configs/policies/active/EXIT_A_SWEEP_mp70_max4_rule4_cd0.yaml,1eb36d5d95abf9c3ca512d1a386d1d644916e04957dae8171c152976fe1e8312,,,,,{},,,"{'entry_features': 'inferred_bid_ask_mid', 'range_features': 'inferred_bid_ask_mid', 'spread': 'bid_ask'}",,active,,0,EXIT_A_SWEEP_mp70_max4_rule4_cd0,
463f78c339fa2408,gx1/configs/policies/active/EXIT_A_SWEEP_mp70_max5_rule4_cd0.yaml,450900019c5530ed3760370e23f0e62d900414d131028bc1f5828c0c6d694202,,,,,{},,,"{'entry_features': 'inferred_bid_ask_mid', 'range_features': 'inferred_bid_ask_mid', 'spread': 'bid_ask'}",,active,,0,EXIT_A_SWEEP_mp70_max5_rule4_cd0,
8e4bf16bae664ab4,gx1/configs/policies/active/GX1_V11_OANDA_DEMO_V9_FARM_V2B_EXIT_A_PHASEC2_max4.yaml,4cfd80111e77ffca095b80a61229c7e0ec25067748fe193fa311542b527407dd,,,,,{},,,"{'entry_features': 'inferred_bid_ask_mid', 'range_features': 'inferred_bid_ask_mid', 'spread': 'bid_ask'}",,active,,0,GX1_V11_OANDA_DEMO_V9_FARM_V2B_EXIT_A_PHASEC2_max4,
0d88606875cae00a,gx1/configs/policies/active/EXIT_A_SWEEP_mp68_max5_rule5_cd60.yaml,8e0dffc3a1e653b7a48fc6a078f110d8b6a2665680b4fa2fafd0bf74c424eff7,,,,,{},,,"{'entry_features': 'inferred_bid_ask_mid', 'range_features': 'inferred_bid_ask_mid', 'spread': 'bid_ask'}",,active,,0,EXIT_A_SWEEP_mp68_max5_rule5_cd60,
4c24ea4458630a5a,gx1/configs/policies/active/GX1_V11_OANDA_DEMO_V9_FARM_V2B_EXIT_A_ADAPTIVE_Q2.yaml,74088421795fcc6c1fd8755e46e7023f2c4fcd4780daf07ad4594e6690b73f75,,,,,{},,,"{'entry_features': 'inferred_bid_ask_mid', 'range_features': 'inferred_bid_ask_mid', 'spread': 'bid_ask'}",,active,,0,GX1_V11_OANDA_DEMO_V9_FARM_V2B_EXIT_A_ADAPTIVE_Q2,
6ed3acd49bd75a0a,gx1/configs/policies/active/GX1_V11_OANDA_DEMO_V9_FARM_V2B_EXIT_A_SHORT_SNIPER_Q1_v2.yaml,b0fdf532e4bbb541b7e30ebb3a35c76446818dfe873483b0fea34846ff8d0e1c,,,,,{},,,"{'entry_features': 'inferred_bid_ask_mid', 'range_features': 'inferred_bid_ask_mid', 'spread': 'bid_ask'}",,active,,0,GX1_V11_OANDA_DEMO_V9_FARM_V2B_EXIT_A_SHORT_SNIPER_Q1_v2,
4835fd0d74a576bd,gx1/configs/policies/active/EXIT_A_SWEEP_mp68_max5_rule5_cd0.yaml,59f33f7963923d80aa7d2529e84317d6c6d11d7b01f475f83d439aab7858dd69,,,,,{},,,"{'entry_features': 'inferred_bid_ask_mid', 'range_features': 'inferred_bid_ask_mid', 'spread': 'bid_ask'}",,active,,0,EXIT_A_SWEEP_mp68_max5_rule5_cd0,
c6c8f5c4104707ce,gx1/configs/policies/active/EXIT_A_SWEEP_mp68_max5_rule4_cd0.yaml,b773fbaf8b9237d214f8fcd9a420432b5caf1ead2e6b905a52b01185ba2cdd4a,,,,,{},,,"{'entry_features': 'inferred_bid_ask_mid', 'range_features': 'inferred_bid_ask_mid', 'spread': 'bid_ask'}",,active,,0,EXIT_A_SWEEP_mp68_max5_rule4_cd0,
6ddb3a35a9249b16,gx1/configs/policies/active/GX1_V11_OANDA_DEMO_V9_FARM_V2B_EXIT_HYBRID_Q1.yaml,90148f6256ad3e7bca8ca99209d30ce253577bddf6923468d61f9475f0b11c0c,,,,,{},,,"{'entry_features': 'inferred_bid_ask_mid', 'range_features': 'inferred_bid_ask_mid', 'spread': 'bid_ask'}",,active,,0,GX1_V11_OANDA_DEMO_V9_FARM_V2B_EXIT_HYBRID_Q1,
3bc0d6bf3a21a1db,gx1/configs/policies/active/GX1_V11_OANDA_DEMO_V9_FARM_V2B_EXIT_HYBRID_V3_2024_GUARDRAIL.yaml,dcc41dc6363948a918342ab4f337d43876fa61447e6cf1d386cc583243cc14d5,,,,,{},1.0,HYBRID_ROUTER_V3,"{'entry_features': 'inferred_bid_ask_mid', 'range_features': 'inferred_bid_ask_mid', 'spread': 'bid_ask'}",GUARDRAIL_2024,active,,0,GX1_V11_OANDA_DEMO_V9_FARM_V2B_EXIT_HYBRID_V3_2024_GUARDRAIL,
8e68c68b915fff45,gx1/configs/policies/active/GX1_V11_OANDA_DEMO_V9_FARM_V2B_FIXED_EXIT.yaml,5c7f282ee2fb9c055f10af44a9dd586996eb574096282111cc373c2a6fc90a59,,,,,{},,,"{'entry_features': 'inferred_bid_ask_mid', 'range_features': 'inferred_bid_ask_mid', 'spread': 'bid_ask'}",,active,,0,GX1_V11_OANDA_DEMO_V9_FARM_V2B_FIXED_EXIT,
628bfc43640f89e2,gx1/configs/policies/active/GX1_V11_OANDA_DEMO_V9_FARM_V2B_EXIT_A_SHORT_SNIPER_Q3_v2.yaml,bb0c3d4cbc985f9354bba71791706c9723a9d4f0b28ce3440c02004993421c60,,,,,{},,,"{'entry_features': 'inferred_bid_ask_mid', 'range_features': 'inferred_bid_ask_mid', 'spread': 'bid_ask'}",,active,,0,GX1_V11_OANDA_DEMO_V9_FARM_V2B_EXIT_A_SHORT_SNIPER_Q3_v2,
a0feccb541fef59a,gx1/configs/policies/active/GX1_V11_OANDA_DEMO_V9_FARM_V2B_EXIT_A_Q2_RULE5.yaml,2c8e0198b3f7477abcd0025056042fd24af6a5518456ba6091ad834026020468,,,,,{},,,"{'entry_features': 'inferred_bid_ask_mid', 'range_features': 'inferred_bid_ask_mid', 'spread': 'bid_ask'}",,active,,0,GX1_V11_OANDA_DEMO_V9_FARM_V2B_EXIT_A_Q2_RULE5,
efe553ae22a53f25,gx1/configs/policies/active/ENTRY_V9_FARM_V2.yaml,c1ec6484456bc27c2e9c45d3e6858a8c26100ed5dae98846ffd855b66b2455ee,,,,,{},,,"{'entry_features': 'inferred_bid_ask_mid', 'range_features': 'inferred_bid_ask_mid', 'spread': 'bid_ask'}",,active,,0,ENTRY_V9_FARM_V2,
80781dc3f28ad422,gx1/configs/policies/active/GX1_V11_OANDA_DEMO_V9_FARM_V2B_EXIT_A_PROD_PHASEC_VARIANT_B.yaml,922da8035e21686d4972439d62b6a8aad80c706e1b8edc7b21f6887d45ee69ac,,,,,{},,,"{'entry_features': 'inferred_bid_ask_mid', 'range_features': 'inferred_bid_ask_mid', 'spread': 'bid_ask'}",,active,,0,GX1_V11_OANDA_DEMO_V9_FARM_V2B_EXIT_A_PROD_PHASEC_VARIANT_B,
02baf2449ac9293a,gx1/configs/policies/active/ENTRY_V9_FARM_V2B_EXIT_A_PROD_PHASEC_VARIANT_A.yaml,456dd51816a8271bdb14d2b6fd1354656af3b5b57dfc01f452b29dcc8159c35e,,,,,{},,,"{'entry_features': 'inferred_bid_ask_mid', 'range_features': 'inferred_bid_ask_mid', 'spread': 'bid_ask'}",,active,,0,ENTRY_V9_FARM_V2B_EXIT_A_PROD_PHASEC_VARIANT_A,
fb8f8d823db2488b,gx1/configs/policies/active/GX1_V11_OANDA_DEMO_V9_FARM_V2B_EXIT_HYBRID_FULLYEAR_V2.yaml,bc10867dc12cd0b987ffde4a705c45f5679b1e452cc9b39cc98ab7f504f244d2,,,,,{},,HYBRID_ROUTER_V2,"{'entry_features': 'inferred_bid_ask_mid', 'range_features': 'inferred_bid_ask_mid', 'spread': 'bid_ask'}",RESEARCH_ONLY,active,,0,GX1_V11_OANDA_DEMO_V9_FARM_V2B_EXIT_HYBRID_FULLYEAR_V2,
f981901e682661fd,gx1/configs/policies/active/EXIT_A_SWEEP_mp68_max5_rule4_cd60.yaml,f84c7ef1da723ee5dd7520ad80a4bde3f3937755a2481fdb9d73c26f010deed3,,,,,{},,,"{'entry_features': 'inferred_bid_ask_mid', 'range_features': 'inferred_bid_ask_mid', 'spread': 'bid_ask'}",,active,,0,EXIT_A_SWEEP_mp68_max5_rule4_cd60,
12f962b7442aea1b,gx1/configs/policies/active/GX1_V11_OANDA_DEMO_V9_FARM_V2B_EXIT_A_PROD_PHASEC_VARIANT_C.yaml,05641359121443c0417a496b9340a89ca844ea94c6da4f4b9a6464a191a5d6a7,,,,,{},,,"{'entry_features': 'inferred_bid_ask_mid', 'range_features': 'inferred_bid_ask_mid', 'spread': 'bid_ask'}",,active,,0,GX1_V11_OANDA_DEMO_V9_FARM_V2B_EXIT_A_PROD_PHASEC_VARIANT_C,
bbfcab494504e38f,gx1/configs/policies/active/EXIT_A_SWEEP_mp70_max4_rule5_cd60.yaml,005a1df06c545c72453968f17031a4f888b6e7637d0aa9c7c577aa694a5cda31,,,,,{},,,"{'entry_features': 'inferred_bid_ask_mid', 'range_features': 'inferred_bid_ask_mid', 'spread': 'bid_ask'}",,active,,0,EXIT_A_SWEEP_mp70_max4_rule5_cd60,
6a0a4e5ea17049c5,gx1/configs/policies/active/GX1_V11_OANDA_DEMO_V9_FARM_V2B_EXIT_HYBRID_FULLYEAR_ADAPTIVE.yaml,b71139c43411015f0b8b9451c68a4dd184fe738a22a50b189554f949eed985b1,,,,,{},,HYBRID_ROUTER_ADAPTIVE,"{'entry_features': 'inferred_bid_ask_mid', 'range_features': 'inferred_bid_ask_mid', 'spread': 'bid_ask'}",HIGH_VOLUME_MODE,active,,0,GX1_V11_OANDA_DEMO_V9_FARM_V2B_EXIT_HYBRID_FULLYEAR_ADAPTIVE,
341c5702fb5aaf6b,gx1/configs/policies/active/GX1_V11_OANDA_DEMO_V9_FARM_V2B_EXIT_A_ADAPTIVE_Q4.yaml,f7307aa94e6d274e81be27865777df44b98f55e5a96a13691cd929628b3f6052,,,,,{},,,"{'entry_features': 'inferred_bid_ask_mid', 'range_features': 'inferred_bid_ask_mid', 'spread': 'bid_ask'}",,active,,0,GX1_V11_OANDA_DEMO_V9_FARM_V2B_EXIT_A_ADAPTIVE_Q4,
bc52c7a105b5e995,gx1/configs/policies/active/GX1_V11_OANDA_DEMO_V9_FARM_V2B_EXIT_A_SHORT_SNIPER_Q2_v2.yaml,97f738805ad2c43d8e4e33d49875124ca30323368cf86a2c18501fe16703a72e,,,,,{},,,"{'entry_features': 'inferred_bid_ask_mid', 'range_features': 'inferred_bid_ask_mid', 'spread': 'bid_ask'}",,active,,0,GX1_V11_OANDA_DEMO_V9_FARM_V2B_EXIT_A_SHORT_SNIPER_Q2_v2,
158271f8f0e4c5d1,gx1/wf_runs/FARM_V2B_EXIT_HYBRID_ROUTER_V3_RANGE_2024_BASELINE/parallel_chunks/policy_chunk_5.yaml,17a0322c289db8a9425017682d8114f00aa13d7526be0f5641380a2e13259b90,,,,,{},,HYBRID_ROUTER_V3,"{'entry_features': 'inferred_bid_ask_mid', 'range_features': 'inferred_bid_ask_mid', 'spread': 'bid_ask'}",BASELINE_2024,wf_run,,0,,FARM_V2B_EXIT_HYBRID_ROUTER_V3_RANGE_2024_BASELINE
76ec487f4c622425,gx1/wf_runs/EXIT_A_SWEEP_mp68_max5_rule4_cd0/parallel_chunks/policy_chunk_5.yaml,49c57def69939ce8ccc489992302ef58a38f207780cb006fc46ab76ed3c0f2da,,,,,{},,,"{'entry_features': 'inferred_bid_ask_mid', 'range_features': 'inferred_bid_ask_mid', 'spread': 'bid_ask'}",,wf_run,,0,,EXIT_A_SWEEP_mp68_max5_rule4_cd0
d30aae997f6623d1,gx1/wf_runs/GX1_V11_OANDA_DEMO_V9_FARM_V2B_EXIT_HYBRID_Q2/parallel_chunks/policy_chunk_5.yaml,3a39b92730b90ea93f825d41ef0dc95c5e9cc5b38d1f088c16607056000ed541,,,,,{},,,"{'entry_features': 'inferred_bid_ask_mid', 'range_features': 'inferred_bid_ask_mid', 'spread': 'bid_ask'}",,wf_run,,0,,GX1_V11_OANDA_DEMO_V9_FARM_V2B_EXIT_HYBRID_Q2
7d0b43678e035905,gx1/wf_runs/EXIT_A_SWEEP_mp68_max5_rule5_cd0/parallel_chunks/policy_chunk_5.yaml,c8343058a5dba367b37e8237e548524b30eff826e17c509959ad92ebc452bb67,,,,,{},,,"{'entry_features': 'inferred_bid_ask_mid', 'range_features': 'inferred_bid_ask_mid', 'spread': 'bid_ask'}",,wf_run,,0,,EXIT_A_SWEEP_mp68_max5_rule5_cd0
3d190783671a75c2,gx1/wf_runs/GX1_V11_OANDA_DEMO_V9_FARM_V2B_EXIT_HYBRID_Q4/parallel_chunks/policy_chunk_5.yaml,8da5e6c67330984b60e316490e655b6cfc226ed69ac56cc9a5e81c64eae9be5a,,,,,{},,,"{'entry_features': 'inferred_bid_ask_mid', 'range_features': 'inferred_bid_ask_mid', 'spread': 'bid_ask'}",,wf_run,,0,,GX1_V11_OANDA_DEMO_V9_FARM_V2B_EXIT_HYBRID_Q4
1aad15ae91aa4cd7,gx1/wf_runs/GX1_V11_OANDA_DEMO_V9_FARM_V2B_EXIT_HYBRID_Q3/parallel_chunks/policy_chunk_5.yaml,58e8c682d6e42ae2669bbe0264c72a8d98505ebde2b016b2acb859071395faf4,,,,,{},,,"{'entry_features': 'inferred_bid_ask_mid', 'range_features': 'inferred_bid_ask_mid', 'spread': 'bid_ask'}",,wf_run,,0,,GX1_V11_OANDA_DEMO_V9_FARM_V2B_EXIT_HYBRID_Q3
c5557a7f1cdde86b,gx1/wf_runs/FARM_V2B_EXIT_A_Q4_RULE5/parallel_chunks/policy_chunk_5.yaml,053ab1ab29cd2474cd515df5153d9ce780f79e09dd21b28c4dc9428592fd0cda,,,,,{},,,"{'entry_features': 'inferred_bid_ask_mid', 'range_features': 'inferred_bid_ask_mid', 'spread': 'bid_ask'}",,wf_run,,0,,FARM_V2B_EXIT_A_Q4_RULE5
df1863a81f2290fa,gx1/wf_runs/EXIT_A_SWEEP_mp70_max4_rule4_cd0/parallel_chunks/policy_chunk_5.yaml,ae73cbe3ffcfb1f9dc06e7dcc84a1be5b11677d8929ad089c0f3ee6ff4d313c9,,,,,{},,,"{'entry_features': 'inferred_bid_ask_mid', 'range_features': 'inferred_bid_ask_mid', 'spread': 'bid_ask'}",,wf_run,,0,,EXIT_A_SWEEP_mp70_max4_rule4_cd0
662c358965ac2748,gx1/wf_runs/TEST_RANGE_FEATURES/parallel_chunks/policy_chunk_5.yaml,ca3c601925ff8f4d9dc7540a874930c7f8a24077f095c06eae5a49df25c59647,,,,,{},,,"{'entry_features': 'inferred_bid_ask_mid', 'range_features': 'inferred_bid_ask_mid', 'spread': 'bid_ask'}",,wf_run,,0,,TEST_RANGE_FEATURES
6e6bd725b41e7ea8,gx1/wf_runs/FARM_V2B_EXIT_A_SHORT_SNIPER_Q1/parallel_chunks/policy_chunk_5.yaml,a272c9852b434a94fdc60fc08b36a0f45a9de6e982f8c2d2e17e5a1ee67c9490,,,,,{},,,"{'entry_features': 'inferred_bid_ask_mid', 'range_features': 'inferred_bid_ask_mid', 'spread': 'bid_ask'}",,wf_run,,0,,FARM_V2B_EXIT_A_SHORT_SNIPER_Q1
c69fa71ec925636b,gx1/wf_runs/FARM_V2B_EXIT_HYBRID_ROUTER_V3_RANGE_FULLYEAR/parallel_chunks/policy_chunk_5.yaml,a2b67a9860a0ffefb3071e19f8422f229f106c31abdcf1a7f72600092673b953,,,,,{},,HYBRID_ROUTER_V3,"{'entry_features': 'inferred_bid_ask_mid', 'range_features': 'inferred_bid_ask_mid', 'spread': 'bid_ask'}",PROD_BASELINE,wf_run,,110,,FARM_V2B_EXIT_HYBRID_ROUTER_V3_RANGE_FULLYEAR
1ac0f9b532a4d650,gx1/wf_runs/GX1_V11_OANDA_DEMO_V9_FARM_V2B_EXIT_HYBRID_V3_FULLYEAR/parallel_chunks/policy_chunk_5.yaml,2259b9a3b63cce72653cbb0b9c3d42960f69cacef45dc19f698dcc4364f0bfca,,,,,{},,HYBRID_ROUTER_V3,"{'entry_features': 'inferred_bid_ask_mid', 'range_features': 'inferred_bid_ask_mid', 'spread': 'bid_ask'}",PROD_BASELINE,wf_run,,110,,GX1_V11_OANDA_DEMO_V9_FARM_V2B_EXIT_HYBRID_V3_FULLYEAR
18df4f26f71adc9f,gx1/wf_runs/FARM_V2B_EXIT_A_Q2_RULE5/parallel_chunks/policy_chunk_5.yaml,fd9c700839fb0c0f0045623f5b6c5b43377ec7d49f637968129644d9f9a3ea96,,,,,{},,,"{'entry_features': 'inferred_bid_ask_mid', 'range_features': 'inferred_bid_ask_mid', 'spread': 'bid_ask'}",,wf_run,,0,,FARM_V2B_EXIT_A_Q2_RULE5
7b0d36cf2277b38c,gx1/wf_runs/FARM_V2B_EXIT_HYBRID_ROUTER_V3_RANGE_GUARDRAIL_FULLYEAR/parallel_chunks/policy_chunk_5.yaml,ed3713f785744f9b42a6c7c818a1aa862add302723152c46d1a48a80b089b68c,,,,,{},1.0,HYBRID_ROUTER_V3,"{'entry_features': 'inferred_bid_ask_mid', 'range_features': 'inferred_bid_ask_mid', 'spread': 'bid_ask'}",PROD_BASELINE,wf_run,,110,,FARM_V2B_EXIT_HYBRID_ROUTER_V3_RANGE_GUARDRAIL_FULLYEAR
18cf8dc6e973ad52,gx1/wf_runs/GX1_V11_OANDA_DEMO_V9_FARM_V2B_EXIT_A_ADAPTIVE_Q1/parallel_chunks/policy_chunk_5.yaml,1e53c58b997aaf6ef97bc59e6a8316c9793e4c1bfad43767ef9c96adcee376f5,,,,,{},,,"{'entry_features': 'inferred_bid_ask_mid', 'range_features': 'inferred_bid_ask_mid', 'spread': 'bid_ask'}",,wf_run,,0,,GX1_V11_OANDA_DEMO_V9_FARM_V2B_EXIT_A_ADAPTIVE_Q1
4e11d9f08fb779c4,gx1/wf_runs/CANARY_TEST_2025_Q1_SHORT/parallel_chunks/policy_chunk_5.yaml,c8a83be33ea788bcb518e2c8307ab3cfb4032376c8ea0146faa704c4beda4590,,,,,{},1.0,HYBRID_ROUTER_V3,"{'entry_features': 'inferred_bid_ask_mid', 'range_features': 'inferred_bid_ask_mid', 'spread': 'bid_ask'}",PROD_BASELINE,wf_run,,100,,CANARY_TEST_2025_Q1_SHORT
1cc1cef18182365f,gx1/wf_runs/EXIT_A_SWEEP_mp68_max4_rule4_cd0/parallel_chunks/policy_chunk_5.yaml,977372477667cd39102e5cd7ae99e3f544661d263ecf1fcb5afc5dfd0defa7a9,,,,,{},,,"{'entry_features': 'inferred_bid_ask_mid', 'range_features': 'inferred_bid_ask_mid', 'spread': 'bid_ask'}",,wf_run,,0,,EXIT_A_SWEEP_mp68_max4_rule4_cd0
bbf99526ccb4e618,gx1/wf_runs/EXIT_A_SWEEP_mp68_max5_rule5_cd60/parallel_chunks/policy_chunk_5.yaml,9e8050dcfec194a58aea14e5a73491bfef262b7ab447984159d9ff88724abd5d,,,,,{},,,"{'entry_features': 'inferred_bid_ask_mid', 'range_features': 'inferred_bid_ask_mid', 'spread': 'bid_ask'}",,wf_run,,0,,EXIT_A_SWEEP_mp68_max5_rule5_cd60
22133a2c43341839,gx1/wf_runs/GX1_V11_OANDA_DEMO_V9_FARM_V2B_EXIT_A_PROD_PHASEC_VARIANT_C/parallel_chunks/policy_chunk_5.yaml,9ac15731b1bde3af877d4c7c12b4432a58559764e0262c6090ee93b7e3e9b6a5,,,,,{},,,"{'entry_features': 'inferred_bid_ask_mid', 'range_features': 'inferred_bid_ask_mid', 'spread': 'bid_ask'}",,wf_run,,0,,GX1_V11_OANDA_DEMO_V9_FARM_V2B_EXIT_A_PROD_PHASEC_VARIANT_C
905efec2decf4d15,gx1/wf_runs/GX1_V11_OANDA_DEMO_V9_FARM_V2B_EXIT_A_SHORT_SNIPER_Q1_v2/parallel_chunks/policy_chunk_5.yaml,f711dbe777ec1ece40e5be9c9ead5945ffa5d479b4f51d9980ffb29334af8999,,,,,{},,,"{'entry_features': 'inferred_bid_ask_mid', 'range_features': 'inferred_bid_ask_mid', 'spread': 'bid_ask'}",,wf_run,,0,,GX1_V11_OANDA_DEMO_V9_FARM_V2B_EXIT_A_SHORT_SNIPER_Q1_v2
a8f2b19bbcf7a04e,gx1/wf_runs/GX1_V11_OANDA_DEMO_V9_FARM_V2B_EXIT_A_PROD_PHASEC_VARIANT_B/parallel_chunks/policy_chunk_5.yaml,41e2d7131cd80e1841beb9f463853e13042afcbb315111b6e65b3118de05d758,,,,,{},,,"{'entry_features': 'inferred_bid_ask_mid', 'range_features': 'inferred_bid_ask_mid', 'spread': 'bid_ask'}",,wf_run,,0,,GX1_V11_OANDA_DEMO_V9_FARM_V2B_EXIT_A_PROD_PHASEC_VARIANT_B
70646b9f43e65d94,gx1/wf_runs/OBS_REPLAY_PROD_BASELINE_20251216_144157/parallel_chunks/policy_chunk_0.yaml,ce858246a276ec3736fa5d428cab2d8818bb08ff3f1d764336423b23577b04c6,,,,,{},1.0,HYBRID_ROUTER_V3,"{'entry_features': 'inferred_bid_ask_mid', 'range_features': 'inferred_bid_ask_mid', 'spread': 'bid_ask'}",PROD_BASELINE,wf_run,,100,,OBS_REPLAY_PROD_BASELINE_20251216_144157
fa62645e71daab0c,gx1/wf_runs/FARM_V2B_EXIT_DIAG_Q1/parallel_chunks/policy_chunk_3.yaml,a4cdd2cbc3e4499dfe91b6e83dd54ee129aa831a0ac266d3172fa07008f1591e,,,,,{},,,"{'entry_features': 'inferred_bid_ask_mid', 'range_features': 'inferred_bid_ask_mid', 'spread': 'bid_ask'}",,wf_run,,0,,FARM_V2B_EXIT_DIAG_Q1
80ae2345393a807e,gx1/wf_runs/FARM_V2B_EXIT_A_Q1/parallel_chunks/policy_chunk_5.yaml,bfd97b72b7abbd0bc1736db6c7919419e9a6a39774153fb779f1514ba5cd4041,,,,,{},,,"{'entry_features': 'inferred_bid_ask_mid', 'range_features': 'inferred_bid_ask_mid', 'spread': 'bid_ask'}",,wf_run,,0,,FARM_V2B_EXIT_A_Q1
53e2d5b2ab10e2b0,gx1/wf_runs/FARM_V2B_EXIT_DIAG_Q1_FULL/parallel_chunks/policy_chunk_3.yaml,fd78f24f3cc96b7b2369583389f3a2e0076723f77c45bc59c1bf8f68791d5295,,,,,{},,,"{'entry_features': 'inferred_bid_ask_mid', 'range_features': 'inferred_bid_ask_mid', 'spread': 'bid_ask'}",,wf_run,,0,,FARM_V2B_EXIT_DIAG_Q1_FULL
dc4c54b70cb0e54a,gx1/wf_runs/GX1_V11_OANDA_DEMO_V9_FARM_V2B_EXIT_HYBRID_FULLYEAR_ADAPTIVE/parallel_chunks/policy_chunk_5.yaml,e084e3547aa9f4ee6f559c23d6ef82a803a286dd21b90bde1dd1844af06e3c51,,,,,{},,HYBRID_ROUTER_ADAPTIVE,"{'entry_features': 'inferred_bid_ask_mid', 'range_features': 'inferred_bid_ask_mid', 'spread': 'bid_ask'}",HIGH_VOLUME_MODE,wf_run,,10,,GX1_V11_OANDA_DEMO_V9_FARM_V2B_EXIT_HYBRID_FULLYEAR_ADAPTIVE
7dd9f84d6543afce,gx1/wf_runs/EXIT_A_SWEEP_mp70_max5_rule4_cd0/parallel_chunks/policy_chunk_5.yaml,5f96eea0208a18e8185ce65975d2e9801265c55f62a60a323a67416c2afc4ca1,,,,,{},,,"{'entry_features': 'inferred_bid_ask_mid', 'range_features': 'inferred_bid_ask_mid', 'spread': 'bid_ask'}",,wf_run,,0,,EXIT_A_SWEEP_mp70_max5_rule4_cd0
18cc6169570683eb,gx1/wf_runs/FARM_V2B_EXIT_A_Q3_RULE5/parallel_chunks/policy_chunk_5.yaml,7b40c203d8f302cbd3e1174f6101c692b4e97e8bb5afd38c6997582e240c7b8d,,,,,{},,,"{'entry_features': 'inferred_bid_ask_mid', 'range_features': 'inferred_bid_ask_mid', 'spread': 'bid_ask'}",,wf_run,,0,,FARM_V2B_EXIT_A_Q3_RULE5
c1ec184d65241bc5,gx1/wf_runs/GX1_V11_OANDA_DEMO_V9_FARM_V2B_EXIT_A_SHORT_SNIPER_Q4_v2/parallel_chunks/policy_chunk_5.yaml,20af15c48b0e76799111034e87cfe6475bbda30f31f2a8206fc17330fa1b69c4,,,,,{},,,"{'entry_features': 'inferred_bid_ask_mid', 'range_features': 'inferred_bid_ask_mid', 'spread': 'bid_ask'}",,wf_run,,0,,GX1_V11_OANDA_DEMO_V9_FARM_V2B_EXIT_A_SHORT_SNIPER_Q4_v2
6cec0916cdabcffa,gx1/wf_runs/EXIT_A_SWEEP_mp68_max5_rule4_cd60/parallel_chunks/policy_chunk_5.yaml,4466463a1fae0b504bacd7d111ac3885acc352bc58a644f7d8454126ea85b9b7,,,,,{},,,"{'entry_features': 'inferred_bid_ask_mid', 'range_features': 'inferred_bid_ask_mid', 'spread': 'bid_ask'}",,wf_run,,0,,EXIT_A_SWEEP_mp68_max5_rule4_cd60
cae1560021fb4647,gx1/wf_runs/GX1_V11_OANDA_DEMO_V9_FARM_V2B_EXIT_A_SHORT_SNIPER_Q3_v2/parallel_chunks/policy_chunk_5.yaml,fef1d814ee75cd016031a7bc73e89e4707b2954f8bdd4ffb6a9aa1087ced82e3,,,,,{},,,"{'entry_features': 'inferred_bid_ask_mid', 'range_features': 'inferred_bid_ask_mid', 'spread': 'bid_ask'}",,wf_run,,0,,GX1_V11_OANDA_DEMO_V9_FARM_V2B_EXIT_A_SHORT_SNIPER_Q3_v2
ca369237f5355d62,gx1/wf_runs/EXIT_A_SWEEP_mp70_max4_rule5_cd60/parallel_chunks/policy_chunk_5.yaml,97bd53a3b493e6c89ae10634627572e4b149b1a2c89512d9316a70e1745e1538,,,,,{},,,"{'entry_features': 'inferred_bid_ask_mid', 'range_features': 'inferred_bid_ask_mid', 'spread': 'bid_ask'}",,wf_run,,0,,EXIT_A_SWEEP_mp70_max4_rule5_cd60
a36d1d913008a39f,gx1/wf_runs/GX1_V11_OANDA_DEMO_V9_FARM_V2B_EXIT_A_PHASEC2_max4/parallel_chunks/policy_chunk_5.yaml,9204de1a042454b7d5af9ccd45f5946a49ae087d9d0f1e0e133a491ad0098739,,,,,{},,,"{'entry_features': 'inferred_bid_ask_mid', 'range_features': 'inferred_bid_ask_mid', 'spread': 'bid_ask'}",,wf_run,,0,,GX1_V11_OANDA_DEMO_V9_FARM_V2B_EXIT_A_PHASEC2_max4
25b372818f418132,gx1/wf_runs/GX1_V11_OANDA_DEMO_V9_FARM_V2B_EXIT_HYBRID_Q1/parallel_chunks/policy_chunk_5.yaml,2ab1242eca5ac828aa4f7ba85b2a0eac60d417375563108d1a752220b87e9cc6,,,,,{},,,"{'entry_features': 'inferred_bid_ask_mid', 'range_features': 'inferred_bid_ask_mid', 'spread': 'bid_ask'}",,wf_run,,0,,GX1_V11_OANDA_DEMO_V9_FARM_V2B_EXIT_HYBRID_Q1
87bf29eb913d642b,gx1/wf_runs/GX1_V11_OANDA_DEMO_V9_FARM_V2B_EXIT_A_PHASEC2_trail3/parallel_chunks/policy_chunk_5.yaml,4454c3af1174666414f033c78f1f01aba9be15de475f5bae80c2add67bd93cbd,,,,,{},,,"{'entry_features': 'inferred_bid_ask_mid', 'range_features': 'inferred_bid_ask_mid', 'spread': 'bid_ask'}",,wf_run,,0,,GX1_V11_OANDA_DEMO_V9_FARM_V2B_EXIT_A_PHASEC2_trail3
c9441bb577ace4bf,gx1/wf_runs/GX1_V11_OANDA_DEMO_V9_FARM_V2B_EXIT_A_PHASEC2_rule6/parallel_chunks/policy_chunk_5.yaml,f21d7032a3c2dcee59ff3c08f825b45851108b454058fd3aabe3ca8fc56f4622,,,,,{},,,"{'entry_features': 'inferred_bid_ask_mid', 'range_features': 'inferred_bid_ask_mid', 'spread': 'bid_ask'}",,wf_run,,0,,GX1_V11_OANDA_DEMO_V9_FARM_V2B_EXIT_A_PHASEC2_rule6
3b71503c1a7ade56,gx1/wf_runs/OBS_REPLAY_PROD_BASELINE_20251216_145122/parallel_chunks/policy_chunk_0.yaml,f7872836df7a50a3eb41a1be6abfd4254f7ce8b4038d6fc096e33a27378ddc7b,,,,,{},1.0,HYBRID_ROUTER_V3,"{'entry_features': 'inferred_bid_ask_mid', 'range_features': 'inferred_bid_ask_mid', 'spread': 'bid_ask'}",PROD_BASELINE,wf_run,,100,,OBS_REPLAY_PROD_BASELINE_20251216_145122
e819d12fe4de5437,gx1/wf_runs/GX1_V11_OANDA_DEMO_V9_FARM_V2B_EXIT_HYBRID_FULLYEAR_V2/parallel_chunks/policy_chunk_5.yaml,a343341c98d6f558da7fea41ada1b632a82699d1cf1c6916ce14f26c022cab7f,,,,,{},,HYBRID_ROUTER_V2,"{'entry_features': 'inferred_bid_ask_mid', 'range_features': 'inferred_bid_ask_mid', 'spread': 'bid_ask'}",RESEARCH_ONLY,wf_run,,10,,GX1_V11_OANDA_DEMO_V9_FARM_V2B_EXIT_HYBRID_FULLYEAR_V2
833a9762d338910d,gx1/wf_runs/GX1_V11_OANDA_DEMO_V9_FARM_V2B_EXIT_A_ADAPTIVE_Q4/parallel_chunks/policy_chunk_5.yaml,dcce4091371bbdf1774100054233f691c62c110c6d5f7b468dff1595f99efb8a,,,,,{},,,"{'entry_features': 'inferred_bid_ask_mid', 'range_features': 'inferred_bid_ask_mid', 'spread': 'bid_ask'}",,wf_run,,0,,GX1_V11_OANDA_DEMO_V9_FARM_V2B_EXIT_A_ADAPTIVE_Q4
2334cb830b181c03,gx1/wf_runs/GX1_V11_OANDA_DEMO_V9_FARM_V2B_EXIT_A_ADAPTIVE_Q3/parallel_chunks/policy_chunk_5.yaml,eeafbb91187e1beb464a120b2e7ab79a5b61d49a4f61d1a4995cd59b642a584e,,,,,{},,,"{'entry_features': 'inferred_bid_ask_mid', 'range_features': 'inferred_bid_ask_mid', 'spread': 'bid_ask'}",,wf_run,,0,,GX1_V11_OANDA_DEMO_V9_FARM_V2B_EXIT_A_ADAPTIVE_Q3
35127f90339e0837,gx1/wf_runs/FARM_V2B_EXIT_A_PROD_Q2/parallel_chunks/policy_chunk_5.yaml,ae4030a0e2dea76469428b71dd47c6acba9052064447470f7806255891843c7a,,,,,{},,,"{'entry_features': 'inferred_bid_ask_mid', 'range_features': 'inferred_bid_ask_mid', 'spread': 'bid_ask'}",,wf_run,,0,,FARM_V2B_EXIT_A_PROD_Q2
9eaa87febc86549f,gx1/wf_runs/GX1_V11_OANDA_DEMO_V9_FARM_V2B_EXIT_A_SHORT_SNIPER_Q2_v2/parallel_chunks/policy_chunk_5.yaml,3f768759901cdec9a1ad0de63254dbac041fd96c9b9e15509c0b27be2abfe05b,,,,,{},,,"{'entry_features': 'inferred_bid_ask_mid', 'range_features': 'inferred_bid_ask_mid', 'spread': 'bid_ask'}",,wf_run,,0,,GX1_V11_OANDA_DEMO_V9_FARM_V2B_EXIT_A_SHORT_SNIPER_Q2_v2
bb44f000988be139,gx1/wf_runs/FARM_V2B_EXIT_A_Q2_RULE6/parallel_chunks/policy_chunk_5.yaml,a051ec94c6fe505a888a659e10b07145d5ac538cb71e01dbaa5706a7c35d4209,,,,,{},,,"{'entry_features': 'inferred_bid_ask_mid', 'range_features': 'inferred_bid_ask_mid', 'spread': 'bid_ask'}",,wf_run,,0,,FARM_V2B_EXIT_A_Q2_RULE6
58a7b7205fcf8c4a,gx1/wf_runs/CANARY_TEST_2025_Q1_2WEEKS/parallel_chunks/policy_chunk_5.yaml,3f8ed15520a46e5c50015e9c1251be23548d1ef6b27ae8e08d61994e4c56b32e,,,,,{},1.0,HYBRID_ROUTER_V3,"{'entry_features': 'inferred_bid_ask_mid', 'range_features': 'inferred_bid_ask_mid', 'spread': 'bid_ask'}",PROD_BASELINE,wf_run,,100,,CANARY_TEST_2025_Q1_2WEEKS
114a2d28879fac96,gx1/wf_runs/GX1_V11_OANDA_DEMO_V9_FARM_V2B_EXIT_A_ADAPTIVE_Q2/parallel_chunks/policy_chunk_5.yaml,ae024d5eb72c03a213d4579688fd1f1287fbd4e931d9c7e32b4eaac2784d62e2,,,,,{},,,"{'entry_features': 'inferred_bid_ask_mid', 'range_features': 'inferred_bid_ask_mid', 'spread': 'bid_ask'}",,wf_run,,0,,GX1_V11_OANDA_DEMO_V9_FARM_V2B_EXIT_A_ADAPTIVE_Q2
8d927c4b02edddd9,gx1/wf_runs/CANARY_TEST_2025_Q1_2WEEKS_SINGLE/parallel_chunks/policy_chunk_0.yaml,40c9ca9d03cd23fb278dff6afc94beb9d9d8edd4d20f0e49f75e8418365a914a,,,,,{},1.0,HYBRID_ROUTER_V3,"{'entry_features': 'inferred_bid_ask_mid', 'range_features': 'inferred_bid_ask_mid', 'spread': 'bid_ask'}",PROD_BASELINE,wf_run,,100,,CANARY_TEST_2025_Q1_2WEEKS_SINGLE
92cbb7e982ae3de9,gx1/wf_runs/OBS_REPLAY_PROD_BASELINE_20251215_211622/parallel_chunks/policy_chunk_0.yaml,cf9fd8c33829df2bc5973a6ceceafa4d536cb290bda43e3b597aa85a6d5b4186,,,,,{},1.0,HYBRID_ROUTER_V3,"{'entry_features': 'inferred_bid_ask_mid', 'range_features': 'inferred_bid_ask_mid', 'spread': 'bid_ask'}",PROD_BASELINE,wf_run,,100,,OBS_REPLAY_PROD_BASELINE_20251215_211622
163fc74f02fcf4d9,gx1/wf_runs/GX1_V11_OANDA_DEMO_V9_FARM_V2B_EXIT_HYBRID_FULLYEAR_V2B/parallel_chunks/policy_chunk_5.yaml,8110dbe51d271a2820a950213129e86e38a3341790c5458029e474582e855373,,,,,{},,HYBRID_ROUTER_V2B,"{'entry_features': 'inferred_bid_ask_mid', 'range_features': 'inferred_bid_ask_mid', 'spread': 'bid_ask'}",ARCHIVED_SAFE_MODE,wf_run,,10,,GX1_V11_OANDA_DEMO_V9_FARM_V2B_EXIT_HYBRID_FULLYEAR_V2B
17ff85e103f39808,gx1/wf_runs/OBS_REPLAY_PROD_BASELINE_20251215_211653/parallel_chunks/policy_chunk_0.yaml,8cb1c3954a892d7c203a369d35921037f5dc36580a9fd24cab70ddb0a40e1c23,,,,,{},1.0,HYBRID_ROUTER_V3,"{'entry_features': 'inferred_bid_ask_mid', 'range_features': 'inferred_bid_ask_mid', 'spread': 'bid_ask'}",PROD_BASELINE,wf_run,,100,,OBS_REPLAY_PROD_BASELINE_20251215_211653
480b61d8ad35f558,gx1/wf_runs/TEST_RANGE_ATR_VERIFY/parallel_chunks/policy_chunk_5.yaml,e73e4eb89e736bb5cc2dcfe0eefd6bec366ff4f003acaf862644543e511884ab,,,,,{},,,"{'entry_features': 'inferred_bid_ask_mid', 'range_features': 'inferred_bid_ask_mid', 'spread': 'bid_ask'}",,wf_run,,0,,TEST_RANGE_ATR_VERIFY
772425d1cfc43ee7,gx1/wf_runs/GX1_V11_OANDA_DEMO_V9_FARM_V2B_EXIT_A_PROD/parallel_chunks/policy_chunk_5.yaml,5563fd3890a1fb704934e94216fca699842ecfba79c7a226ebb9dd548086c5bb,,,,,{},,,"{'entry_features': 'inferred_bid_ask_mid', 'range_features': 'inferred_bid_ask_mid', 'spread': 'bid_ask'}",,wf_run,,0,,GX1_V11_OANDA_DEMO_V9_FARM_V2B_EXIT_A_PROD
d7311d24709619b4,gx1/wf_runs/GX1_V11_OANDA_DEMO_V9_FARM_V2B_EXIT_A_PROD_PHASEC_VARIANT_A/parallel_chunks/policy_chunk_5.yaml,2909c610907f6bf886de6f4e1fd78a786eea85c99814e434a684b061d2047128,,,,,{},,,"{'entry_features': 'inferred_bid_ask_mid', 'range_features': 'inferred_bid_ask_mid', 'spread': 'bid_ask'}",,wf_run,,0,,GX1_V11_OANDA_DEMO_V9_FARM_V2B_EXIT_A_PROD_PHASEC_VARIANT_A
916fcd35c0d11861,gx1/wf_runs/OBS_REPLAY_PROD_BASELINE_20251216_120044/parallel_chunks/policy_chunk_0.yaml,ef7d81c48fdf2d3a837a1615ad5f9d601a79c830b14b3d3c33c874eae90eac62,,,,,{},1.0,HYBRID_ROUTER_V3,"{'entry_features': 'inferred_bid_ask_mid', 'range_features': 'inferred_bid_ask_mid', 'spread': 'bid_ask'}",PROD_BASELINE,wf_run,,100,,OBS_REPLAY_PROD_BASELINE_20251216_120044
740b5484bb98b72f,gx1/wf_runs/GX1_V11_OANDA_DEMO_V9_FARM_V2B_EXIT_A_FULL/parallel_chunks/policy_chunk_5.yaml,805debf0c2b56fed8d96fbea75e40a39a1993938e73e7b7e79d80c730714c7d1,,,,,{},,,"{'entry_features': 'inferred_bid_ask_mid', 'range_features': 'inferred_bid_ask_mid', 'spread': 'bid_ask'}",,wf_run,,0,,GX1_V11_OANDA_DEMO_V9_FARM_V2B_EXIT_A_FULL
fe86fa684dad1092,gx1/wf_runs/FARM_V2B_EXIT_A_PROD_2025/parallel_chunks/policy_chunk_5.yaml,c3d4a0044d3c4e4cddf7bcff6c6210b5ef064e12ab29c8757937d27206211bdc,,,,,{},,,"{'entry_features': 'inferred_bid_ask_mid', 'range_features': 'inferred_bid_ask_mid', 'spread': 'bid_ask'}",,wf_run,,0,,FARM_V2B_EXIT_A_PROD_2025
0c1cc17f4b14934e,gx1/wf_runs/OBS_REPLAY_PROD_BASELINE_20251215_211546/parallel_chunks/policy_chunk_0.yaml,13cb637b297d86e53e12368f41f061c5e6344923b68cd5a3837574c88c3e4cba,,,,,{},1.0,HYBRID_ROUTER_V3,"{'entry_features': 'inferred_bid_ask_mid', 'range_features': 'inferred_bid_ask_mid', 'spread': 'bid_ask'}",PROD_BASELINE,wf_run,,100,,OBS_REPLAY_PROD_BASELINE_20251215_211546
9c9ef3d4feacbe49,gx1/wf_runs/FARM_V2B_EXIT_A_SMOKE/parallel_chunks/policy_chunk_0.yaml,62d77300d5b1843d92e06140a4de7c4878ab75e310afe1ed1de839dfba4b4f74,,,,,{},,,"{'entry_features': 'inferred_bid_ask_mid', 'range_features': 'inferred_bid_ask_mid', 'spread': 'bid_ask'}",,wf_run,,0,,FARM_V2B_EXIT_A_SMOKE
140a40a41e6ffcb0,gx1/wf_runs/FARM_V2B_EXIT_A_FULL_Q2/parallel_chunks/policy_chunk_3.yaml,f8b62275ec6b6eee1b5cbcab27945aec77965b05598c21e21a01781fc6fc9add,,,,,{},,,"{'entry_features': 'inferred_bid_ask_mid', 'range_features': 'inferred_bid_ask_mid', 'spread': 'bid_ask'}",,wf_run,,0,,FARM_V2B_EXIT_A_FULL_Q2
